"0","#used for reading and subsetting the data"
"0","library(data.table)"
"0","#used for converting the format of the date column "
"0","library(lubridate)"
"0","#used for plotting graphs"
"0","library(ggplot2)"
"0","library(plotly)"
"0","#used for smote function to do under sampling and over sampling"
"0","library(DMwR)"
"0","#The library for cross validation"
"0","library(caret)"
"0","library(mlbench)"
"0","#decision tree model building packages "
"0","library(rpart)"
"0","#decision tree plotting packages "
"0","library(RColorBrewer)"
"0","library(rattle)"
"0","#The package for random forest function"
"0","library(MASS)"
"0","library(randomForest)"
"0","#packages for xgboost"
"0","library(xgboost)"
"0","library(Matrix)"
"0","library(readr)"
"0","library(car)"
"0","#For one hot encode function"
"0","library(mltools)"
"0","#library for ROC curve"
"0","library(ROCR)"
"0","library(car)"
"0","#library for summarise function "
"0","library(dplyr)"
"0","#This Library is used for reading Excel file."
"0","library(readxl)"
"0","#For calculating the Geo distance."
"0","library(geosphere)"
