"0","bp<- ggplot(daa, aes(x="""", y=sum_total_number_sessions, fill=pages))+"
"0","geom_bar(width = 1, stat = ""identity"")"
"0","pie <- bp + coord_polar(""y"", start=0)"
"0","blank_theme <- theme_minimal()+"
"0","  theme("
"0","  axis.title.x = element_blank(),"
"0","  axis.title.y = element_blank(),"
"0","  panel.border = element_blank(),"
"0","  panel.grid=element_blank(),"
"0","  axis.ticks = element_blank(),"
"0","  plot.title=element_text(size=14, face=""bold"")"
"0","  )"
"0","pie + scale_fill_grey() +  blank_theme +"
"0","  theme(axis.text.x=element_blank()) +"
"0","  geom_text(label = percent(max_total_number_sessions/100) ,size=5))"
"2","Error: unexpected ')' in:
""  theme(axis.text.x=element_blank()) +
  geom_text(label = percent(max_total_number_sessions/100) ,size=5))""
"
